id1,id2,dist
R029_S1,R029_S1,0.0
R029_S1,R029_S2,52.09107728
R029_S1,R030_S1,359.33754882
R029_S1,R030_S2,328.33069627
R029_S1,R031_S1,225.59020318
R029_S1,R031_S2,293.23008887
R029_S1,R032_S1,665.65913555
R029_S1,R092_S1,526.23024426
R029_S1,R131_SM83,1286.72841019
R029_S1,R133_S2,924.25466978
R029_S1,R133_S4,886.07212698
R029_S1,R134_S1,985.19805178
R029_S1,R134_S2,939.02942085
R029_S1,R154_S2,1021.58707038
R029_S1,R154_S1,982.04831679
R029_S1,R085_S2,1756.98695363
R029_S1,R116_S2,1470.0783369
R029_S1,R085_S1,1785.97242302
R029_S1,R032_S2,669.94530332
R029_S1,R032_SM46,689.27617036
R029_S1,R069_S1,1076.54412869
R029_S1,R069_S4,1073.21882385
R029_S1,R069_SM67,1070.10976275
R029_S1,R069_S3,1111.83833708
R029_S1,R071_S1,1603.27217789
R029_S1,R074_S3,548.4729524
R029_S1,R071_S2,1614.99517109
R029_S1,R074_S2,535.18188462
R029_S1,R074_S1,556.48458673
R029_S1,R077_S2,693.14755929
R029_S1,R126_S1,1346.97381819
R029_S1,R131_S1,1321.80871193
R029_S1,R131_SM82,1289.31191525
R029_S1,R126_S2,1361.47964854
R029_S1,R131_S2,1295.08184956
R029_S1,R141_S1,567.36176588
R029_S1,R141_S2,580.37000835
R029_S1,R142_S2,1514.751897
R029_S1,R142_S1,1529.81884302
R029_S1,R135_S2,1219.90150551
R029_S1,R116_S1,1481.86949102
R029_S1,R135_S1,1237.92287546
R029_S2,R029_S2,0.0
R029_S2,R030_S1,409.41876162
R029_S2,R030_S2,377.30324159
R029_S2,R031_S1,277.31382754
R029_S2,R031_S2,344.50726854
R029_S2,R032_S1,619.27312688
R029_S2,R092_S1,578.25967054
R029_S2,R131_SM83,1241.69167872
R029_S2,R133_S2,910.90187714
R029_S2,R133_S4,873.3146644999999
R029_S2,R134_S1,966.26151145
R029_S2,R134_S2,921.8905428999999
R029_S2,R154_S2,1031.32716969
R029_S2,R154_S1,992.03866084
R029_S2,R085_S2,1727.56290649
R029_S2,R116_S2,1454.26499671
R029_S2,R085_S1,1755.72696214
R029_S2,R032_S2,622.64159526
R029_S2,R032_SM46,643.32066323
R029_S2,R069_S1,1106.97068334
R029_S2,R069_S4,1104.72566351
R029_S2,R069_SM67,1101.57052169
R029_S2,R069_S3,1144.64179611
R029_S2,R071_S1,1589.18155052
R029_S2,R074_S3,548.56788436
R029_S2,R071_S2,1599.68468606
R029_S2,R074_S2,530.55379478
R029_S2,R074_S1,555.53191919
R029_S2,R077_S2,731.56229316
R029_S2,R126_S1,1384.75919292
R029_S2,R131_S1,1277.04122573
R029_S2,R131_SM82,1244.51674901
R029_S2,R126_S2,1398.80918751
R029_S2,R131_S2,1250.42949383
R029_S2,R141_S1,608.50760813
R029_S2,R141_S2,621.5837069
R029_S2,R142_S2,1508.49408419
R029_S2,R142_S1,1522.65447485
R029_S2,R135_S2,1199.72940992
R029_S2,R116_S1,1464.69189557
R029_S2,R135_S1,1216.39322847
R030_S1,R030_S1,0.0
R030_S1,R030_S2,40.50481481
R030_S1,R031_S1,180.65086044
R030_S1,R031_S2,170.78285569999997
R030_S1,R032_S1,959.96038616
R030_S1,R092_S1,225.05742171
R030_S1,R131_SM83,1555.49853277
R030_S1,R133_S2,987.8210011
R030_S1,R133_S4,948.82542121
R030_S1,R134_S1,1081.47733559
R030_S1,R134_S2,1026.54270877
R030_S1,R154_S2,919.84236817
R030_S1,R154_S1,881.50963552
R030_S1,R085_S2,1899.16003792
R030_S1,R116_S2,1522.88597014
R030_S1,R085_S1,1933.62783763
R030_S1,R032_S2,970.55929816
R030_S1,R032_SM46,979.69761333
R030_S1,R069_S1,825.19056728
R030_S1,R069_S4,814.48930649
R030_S1,R069_SM67,811.82706634
R030_S1,R069_S3,842.74399289
R030_S1,R071_S1,1640.10139041
R030_S1,R074_S3,575.80147277
R030_S1,R071_S2,1660.01897079
R030_S1,R074_S2,595.06851533
R030_S1,R074_S1,588.65115273
R030_S1,R077_S2,406.34977763
R030_S1,R126_S1,1040.36289656
R030_S1,R131_S1,1587.84206164
R030_S1,R131_SM82,1556.08612241
R030_S1,R126_S2,1057.40253116
R030_S1,R131_S2,1560.61132641
R030_S1,R141_S1,271.79151469
R030_S1,R141_S2,282.32819326
R030_S1,R142_S2,1499.88513991
R030_S1,R142_S1,1520.73936986
R030_S1,R135_S2,1312.15089507
R030_S1,R116_S1,1543.79321373
R030_S1,R135_S1,1338.72736244
R030_S2,R030_S2,0.0
R030_S2,R031_S1,170.57966496
R030_S2,R031_S2,176.77334795
R030_S2,R032_S1,920.05261988
R030_S2,R092_S1,264.36427794
R030_S2,R131_SM83,1514.99934542
R030_S2,R133_S2,953.48205392
R030_S2,R133_S4,914.37679773
R030_S2,R134_S1,1045.58480823
R030_S2,R134_S2,990.95701022
R030_S2,R154_S2,899.0450219
R030_S2,R154_S1,860.33443476
R030_S2,R085_S2,1862.13928125
R030_S2,R116_S2,1490.67839506
R030_S2,R085_S1,1896.36945622
R030_S2,R032_S2,930.8400353000001
R030_S2,R032_SM46,939.66690074
R030_S2,R069_S1,824.85125223
R030_S2,R069_S4,815.4544586000001
R030_S2,R069_SM67,812.69374526
R030_S2,R069_S3,845.84165863
R030_S2,R071_S1,1609.23869964
R030_S2,R074_S3,540.86185818
R030_S2,R071_S2,1628.59239325
R030_S2,R074_S2,558.51896617
R030_S2,R074_S1,553.5660975
R030_S2,R077_S2,409.5525977
R030_S2,R126_S1,1052.1230747000002
R030_S2,R131_S1,1547.33763051
R030_S2,R131_SM82,1515.5829226
R030_S2,R126_S2,1068.61226813
R030_S2,R131_S2,1520.10682029
R030_S2,R141_S1,274.4965546
R030_S2,R141_S2,286.04961785
R030_S2,R142_S2,1472.87204056
R030_S2,R142_S1,1493.27901821
R030_S2,R135_S2,1277.03775826
R030_S2,R116_S1,1511.0022027
R030_S2,R135_S1,1303.18397142
R031_S1,R031_S1,0.0
R031_S1,R031_S2,69.38795723
R031_S1,R032_S1,882.52341634
R031_S1,R092_S1,301.92630512
R031_S1,R131_SM83,1498.2464275999998
R031_S1,R133_S2,1036.61328
R031_S1,R133_S4,997.28914376
R031_S1,R134_S1,1116.10586282
R031_S1,R134_S2,1064.58053206
R031_S1,R154_S2,1039.28860001
R031_S1,R154_S1,999.8618049
R031_S1,R085_S2,1917.02144261
R031_S1,R116_S2,1582.65974932
R031_S1,R085_S1,1948.74723051
R031_S1,R032_S2,888.76521708
R031_S1,R032_SM46,905.06609271
R031_S1,R069_S1,994.38808418
R031_S1,R069_S4,985.47536589
R031_S1,R069_SM67,982.68516183
R031_S1,R069_S3,1016.32289461
R031_S1,R071_S1,1708.00135678
R031_S1,R074_S3,628.81660288
R031_S1,R071_S2,1724.28363499
R031_S1,R074_S2,633.69970571
R031_S1,R074_S1,640.07585992
R031_S1,R077_S2,580.12725212
R031_S1,R126_S1,1220.44944428
R031_S1,R131_S1,1532.5113371
R031_S1,R131_SM82,1500.16308544
R031_S1,R126_S2,1237.28852987
R031_S1,R131_S2,1505.52663513
R031_S1,R141_S1,445.07574349
R031_S1,R141_S2,456.59560314
R031_S1,R142_S2,1589.7240638
R031_S1,R142_S1,1608.23386102
R031_S1,R135_S2,1351.43624427
R031_S1,R116_S1,1599.45263721
R031_S1,R135_S1,1374.08195506
R031_S2,R031_S2,0.0
R031_S2,R032_S1,951.90349386
R031_S2,R092_S1,239.48300991
R031_S2,R131_SM83,1567.46777131
R031_S2,R133_S2,1090.80363398
R031_S2,R133_S4,1051.44778968
R031_S2,R134_S1,1173.66313843
R031_S2,R134_S2,1121.29015726
R031_S2,R154_S2,1070.95534434
R031_S2,R154_S1,1031.891387
R031_S2,R085_S2,1978.74189802
R031_S2,R116_S2,1635.09482028
R031_S2,R085_S1,2010.95424407
R031_S2,R032_S2,958.08964677
R031_S2,R032_SM46,974.45404992
R031_S2,R069_S1,995.97335013
R031_S2,R069_S4,985.20482453
R031_S2,R069_SM67,982.55313761
R031_S2,R069_S3,1013.01981709
R031_S2,R071_S1,1758.40609088
R031_S2,R074_S3,680.10689309
R031_S2,R071_S2,1775.69071423
R031_S2,R074_S2,688.46441971
R031_S2,R074_S1,691.84962053
R031_S2,R077_S2,576.90557137
R031_S2,R126_S1,1204.22628841
R031_S2,R131_S1,1601.68133024
R031_S2,R131_SM82,1569.34558889
R031_S2,R126_S2,1221.86176335
R031_S2,R131_S2,1574.68344989
R031_S2,R141_S1,442.54286720000005
R031_S2,R141_S2,452.96351984
R031_S2,R142_S2,1633.37712763
R031_S2,R142_S1,1652.67438826
R031_S2,R135_S2,1408.42128615
R031_S2,R116_S1,1652.9486472
R031_S2,R135_S1,1431.93844216
R032_S1,R032_S1,0.0
R032_S1,R092_S1,1168.07657224
R032_S1,R131_SM83,623.70949266
R032_S1,R133_S2,683.29123631
R032_S1,R133_S4,664.29703624
R032_S1,R134_S1,653.75737576
R032_S1,R134_S2,643.72658688
R032_S1,R154_S2,1047.04471612
R032_S1,R154_S1,1018.38031684
R032_S1,R085_S2,1217.30075756
R032_S1,R116_S2,1108.29465094
R032_S1,R085_S1,1236.69790314
R032_S1,R032_S2,26.24199432
R032_S1,R032_SM46,26.54085733
R032_S1,R069_S1,1347.67453987
R032_S1,R069_S4,1358.38931345
R032_S1,R069_SM67,1355.05510344
R032_S1,R069_S3,1409.33139838
R032_S1,R071_S1,1252.30414867
R032_S1,R074_S3,627.59979272
R032_S1,R071_S2,1248.03262008
R032_S1,R074_S2,576.22046905
R032_S1,R074_S1,620.52240605
R032_S1,R077_S2,1113.53674839
R032_S1,R126_S1,1691.85175121
R032_S1,R131_S1,659.63882277
R032_S1,R131_SM82,627.10746361
R032_S1,R126_S2,1698.9731122
R032_S1,R131_S2,633.39212055
R032_S1,R141_S1,1038.73704106
R032_S1,R141_S2,1050.27516851
R032_S1,R142_S2,1269.88954713
R032_S1,R142_S1,1272.06732637
R032_S1,R135_S2,829.56023019
R032_S1,R116_S1,1101.93959819
R032_S1,R135_S1,827.63959459
R092_S1,R092_S1,0.0
R092_S1,R131_SM83,1772.82146047
R092_S1,R133_S2,1205.5453027
R092_S1,R133_S4,1166.88286648
R092_S1,R134_S1,1302.49576342
R092_S1,R134_S2,1246.98834789
R092_S1,R154_S2,1095.57779965
R092_S1,R154_S1,1059.10539325
R092_S1,R116_S2,1733.99019519
R092_S1,R126_S1,1061.9300706000001
R092_S1,R131_S1,1805.7986309
R092_S1,R131_SM82,1773.82155928
R092_S1,R126_S2,1081.66258733
R092_S1,R131_S2,1778.60632204
R092_S1,R141_S1,396.73168545
R092_S1,R141_S2,401.31091210000005
R092_S1,R142_S2,1694.1531945999998
R092_S1,R142_S1,1716.5036392000002
R092_S1,R135_S2,1531.25028211
R092_S1,R116_S1,1756.56105408
R092_S1,R135_S1,1558.78270687
R131_SM83,R131_SM83,0.0
R131_SM83,R133_S2,893.88812621
R131_SM83,R133_S4,904.09056168
R131_SM83,R134_S1,787.33843001
R131_SM83,R134_S2,823.58901076
R131_SM83,R154_S2,1337.95068906
R131_SM83,R154_S1,1324.90369477
R131_SM83,R141_S1,1581.48665795
R131_SM83,R141_S2,1591.21069177
R131_SM83,R142_S2,1256.76268097
R131_SM83,R142_S1,1244.14616258
R131_SM83,R135_S2,787.68115467
R131_SM83,R135_S1,758.65300498
R133_S2,R133_S2,0.0
R133_S2,R133_S4,39.355882
R133_S2,R134_S1,121.52083835
R133_S2,R134_S2,71.40810371
R133_S2,R154_S2,444.072213
R133_S2,R154_S1,432.32235335
R133_S2,R141_S1,875.50348873
R133_S2,R141_S2,880.24020229
R133_S2,R142_S2,616.22693343
R133_S2,R142_S1,625.46156045
R133_S2,R135_S2,326.62162743
R133_S2,R135_S1,356.60117758
R133_S4,R133_S4,0.0
R133_S4,R134_S1,150.14415884
R133_S4,R134_S2,94.28789726
R133_S4,R154_S2,436.04132569
R133_S4,R154_S1,420.99868656
R133_S4,R141_S1,839.38832225
R133_S4,R141_S2,844.35019015
R133_S4,R142_S2,648.80661101
R133_S4,R142_S1,659.00583863
R133_S4,R135_S2,364.70845194
R133_S4,R135_S1,393.90672887
R134_S1,R134_S1,0.0
R134_S1,R134_S2,57.26415322
R134_S1,R154_S2,555.59400633
R134_S1,R154_S1,547.27548741
R134_S1,R141_S1,985.7621019
R134_S1,R141_S2,991.15260053
R134_S1,R142_S2,616.60197416
R134_S1,R142_S1,620.00675529
R134_S1,R135_S2,235.78842028
R134_S1,R135_S1,258.34298929
R134_S2,R134_S2,0.0
R134_S2,R154_S2,514.68169436
R134_S2,R154_S1,503.55999797
R134_S2,R141_S1,928.52838498
R134_S2,R141_S2,933.90006879
R134_S2,R142_S2,634.48505221
R134_S2,R142_S1,640.47113731
R134_S2,R135_S2,287.15689469
R134_S2,R135_S1,312.22697821
R154_S2,R154_S2,0.0
R154_S1,R154_S2,39.73271923
R154_S1,R154_S1,0.0
R085_S2,R092_S1,2121.99325419
R085_S2,R131_SM83,809.7642746
R085_S2,R133_S2,929.77212396
R085_S2,R133_S4,965.9881435000001
R085_S2,R134_S1,822.14048942
R085_S2,R134_S2,878.87730699
R085_S2,R154_S2,1252.04463108
R085_S2,R154_S1,1263.75240605
R085_S2,R085_S2,0.0
R085_S2,R116_S2,542.10192756
R085_S2,R126_S1,2036.59965049
R085_S2,R131_S1,784.58025601
R085_S2,R131_SM82,798.03446784
R085_S2,R126_S2,2029.57232553
R085_S2,R131_S2,789.49455696
R085_S2,R141_S1,1805.24964182
R085_S2,R141_S2,1810.01002585
R085_S2,R142_S2,805.00474869
R085_S2,R142_S1,777.75120907
R085_S2,R135_S2,608.12423231
R085_S2,R116_S1,500.50845815
R085_S2,R135_S1,574.54618515
R116_S2,R131_SM83,997.82831992
R116_S2,R133_S2,547.69356384
R116_S2,R133_S4,586.71384604
R116_S2,R134_S1,492.43952762
R116_S2,R134_S2,532.75048159
R116_S2,R154_S2,743.24121728
R116_S2,R154_S1,762.34204637
R116_S2,R116_S2,0.0
R116_S2,R126_S1,1504.42843261
R116_S2,R131_S1,991.84019223
R116_S2,R131_SM82,986.91107134
R116_S2,R126_S2,1496.19084433
R116_S2,R131_S2,981.2647578
R116_S2,R141_S1,1375.32753925
R116_S2,R141_S2,1377.45511215
R116_S2,R142_S2,283.45553746
R116_S2,R142_S1,262.28835856
R116_S2,R135_S2,278.87578583
R116_S2,R135_S1,282.93776551
R085_S1,R092_S1,2156.86912895
R085_S1,R131_SM83,809.08441846
R085_S1,R133_S2,967.94897936
R085_S1,R133_S4,1003.79340296
R085_S1,R134_S1,858.86721621
R085_S1,R134_S2,915.80048884
R085_S1,R154_S2,1294.8818019999999
R085_S1,R154_S1,1306.24063191
R085_S1,R085_S2,44.25264344
R085_S1,R116_S2,586.35260511
R085_S1,R085_S1,0.0
R085_S1,R126_S1,2080.33551314
R085_S1,R131_S1,782.39193442
R085_S1,R131_SM82,797.48205136
R085_S1,R126_S2,2073.37587074
R085_S1,R131_S2,788.80492716
R085_S1,R141_S1,1843.18168756
R085_S1,R141_S2,1848.09324948
R085_S1,R142_S2,848.6497567
R085_S1,R142_S1,821.27038784
R085_S1,R135_S2,647.95250022
R085_S1,R116_S1,544.76104545
R085_S1,R135_S1,613.76203123
R028_S1,R029_S1,205.89370646
R028_S1,R029_S2,213.92804647
R028_S1,R030_S1,351.77311539999994
R028_S1,R030_S2,311.39612733
R028_S1,R031_S1,320.40143336
R028_S1,R031_S2,384.40126287
R028_S1,R032_S1,610.6079762999999
R028_S1,R092_S1,568.94621529
R028_S1,R131_SM83,1204.4976439000002
R028_S1,R133_S2,731.46689653
R028_S1,R133_S4,692.58816226
R028_S1,R134_S1,802.39287238
R028_S1,R134_S2,752.90612666
R028_S1,R154_S2,817.94540022
R028_S1,R154_S1,778.56572832
R028_S1,R085_S2,1597.02919207
R028_S1,R116_S2,1279.11858029
R028_S1,R085_S1,1628.52026206
R028_S1,R028_S1,0.0
R028_S1,R028_S2,59.90272482
R028_S1,R028_S3,70.91254586
R028_S1,R032_S2,622.63556504
R028_S1,R032_SM46,629.47404189
R028_S1,R069_S1,910.47431083
R028_S1,R069_S4,910.68710807
R028_S1,R069_SM67,907.44171706
R028_S1,R069_S3,953.55910592
R028_S1,R071_S1,1409.34448555
R028_S1,R074_S3,343.5402592
R028_S1,R071_S2,1422.90099068
R028_S1,R074_S2,333.98345696
R028_S1,R074_S1,352.08849639
R028_S1,R077_S2,564.47325902
R028_S1,R126_S1,1207.31337899
R028_S1,R131_S1,1237.18971266
R028_S1,R131_SM82,1205.3005326
R028_S1,R126_S2,1219.71236981
R028_S1,R131_S2,1209.97877137
R028_S1,R141_S1,458.78681414
R028_S1,R141_S2,471.58811161
R028_S1,R142_S2,1312.21906881
R028_S1,R142_S1,1328.00517652
R028_S1,R135_S2,1038.18128811
R028_S1,R116_S1,1293.2234007000002
R028_S1,R135_S1,1059.13646736
R028_S2,R029_S1,210.07870898
R028_S2,R029_S2,231.7585121
R028_S2,R030_S1,293.07888359
R028_S2,R030_S2,252.60705745
R028_S2,R031_S1,278.17297322
R028_S2,R031_S2,338.38638891
R028_S2,R032_S1,670.4751708
R028_S2,R092_S1,512.33750528
R028_S2,R131_SM83,1262.4994156
R028_S2,R133_S2,760.99762981
R028_S2,R133_S4,721.78041381
R028_S2,R134_S1,838.10712475
R028_S2,R134_S2,786.94804326
R028_S2,R154_S2,814.71232834
R028_S2,R154_S1,775.04707821
R028_S2,R085_S2,1640.3555127
R028_S2,R116_S2,1308.2351721
R028_S2,R085_S1,1672.61574555
R028_S2,R028_S2,0.0
R028_S2,R028_S3,11.07026353
R028_S2,R032_S2,682.53820762
R028_S2,R032_SM46,689.25692505
R028_S2,R069_S1,876.94561124
R028_S2,R069_S4,875.60539754
R028_S2,R069_SM67,872.41164275
R028_S2,R069_S3,916.81530451
R028_S2,R071_S1,1435.95297274
R028_S2,R074_S3,360.0988408
R028_S2,R071_S2,1450.92869114
R028_S2,R074_S2,358.79090538
R028_S2,R074_S1,370.19146194
R028_S2,R077_S2,516.68782988
R028_S2,R126_S1,1164.60184825
R028_S2,R131_S1,1294.96091174
R028_S2,R131_SM82,1263.15548903
R028_S2,R126_S2,1177.65793937
R028_S2,R131_S2,1267.73630417
R028_S2,R141_S1,405.65483926
R028_S2,R141_S2,418.60926269
R028_S2,R142_S2,1329.42315056
R028_S2,R142_S1,1346.31281402
R028_S2,R135_S2,1073.58147108
R028_S2,R116_S1,1323.90760005
R028_S2,R135_S1,1095.97567195
R028_S3,R029_S1,211.46628179
R028_S3,R029_S2,235.42001629
R028_S3,R030_S1,282.07431181
R028_S3,R030_S2,241.59568799
R028_S3,R031_S1,270.16591729
R028_S3,R031_S2,329.54583235
R028_S3,R032_S1,681.50980425
R028_S3,R092_S1,501.58610461
R028_S3,R131_SM83,1273.47302168
R028_S3,R133_S2,767.86837915
R028_S3,R133_S4,728.61529335
R028_S3,R134_S1,845.94132698
R028_S3,R134_S2,794.53422904
R028_S3,R154_S2,815.85297595
R028_S3,R154_S1,776.15947656
R028_S3,R085_S2,1649.27582066
R028_S3,R116_S2,1314.88937255
R028_S3,R085_S1,1681.65388851
R028_S3,R028_S3,0.0
R028_S3,R032_S2,693.53605693
R028_S3,R032_SM46,700.31170104
R028_S3,R069_S1,872.16511418
R028_S3,R069_S4,870.50500093
R028_S3,R069_SM67,867.32312151
R028_S3,R069_S3,911.35553937
R028_S3,R071_S1,1442.16729754
R028_S3,R074_S3,365.29261827
R028_S3,R071_S2,1457.37990571
R028_S3,R074_S2,365.31821962
R028_S3,R074_S1,375.61452579
R028_S3,R077_S2,508.99899559
R028_S3,R126_S1,1157.82873552
R028_S3,R131_S1,1305.91182024
R028_S3,R131_SM82,1274.114941
R028_S3,R126_S2,1171.02232226
R028_S3,R131_S2,1278.68608987
R028_S3,R141_S1,396.74266973
R028_S3,R141_S2,409.72772566
R028_S3,R142_S2,1334.04322344
R028_S3,R142_S1,1351.12132372
R028_S3,R135_S2,1081.30703351
R028_S3,R116_S1,1330.81994928
R028_S3,R135_S1,1103.92770489
R032_S2,R092_S1,1176.6538718
R032_S2,R131_SM83,623.82669826
R032_S2,R133_S2,709.44552336
R032_S2,R133_S4,690.52596986
R032_S2,R134_S1,679.15132156
R032_S2,R134_S2,669.59210813
R032_S2,R154_S2,1072.67527953
R032_S2,R154_S1,1043.85427143
R032_S2,R085_S2,1232.8715124000003
R032_S2,R116_S2,1131.60076851
R032_S2,R085_S1,1251.57719757
R032_S2,R032_S2,0.0
R032_S2,R032_SM46,43.07202563
R032_S2,R069_S1,1370.56623768
R032_S2,R069_S4,1381.03044614
R032_S2,R069_SM67,1377.692583
R032_S2,R069_S3,1431.84253299
R032_S2,R071_S1,1275.55877423
R032_S2,R074_S3,650.08913811
R032_S2,R071_S2,1270.88597536
R032_S2,R074_S2,598.80174985
R032_S2,R074_S1,643.25186487
R032_S2,R077_S2,1131.94685523
R032_S2,R126_S1,1713.87873766
R032_S2,R131_S1,660.17401111
R032_S2,R131_SM82,627.69983262
R032_S2,R126_S2,1721.17619371
R032_S2,R131_S2,634.24444685
R032_S2,R141_S1,1055.12255486
R032_S2,R141_S2,1066.77933484
R032_S2,R142_S2,1295.08424401
R032_S2,R142_S1,1297.08156653
R032_S2,R135_S2,852.99657642
R032_S2,R116_S1,1124.78142354
R032_S2,R135_S1,850.5075607999999
R032_SM46,R092_S1,1189.14617907
R032_SM46,R131_SM83,598.89216871
R032_SM46,R133_S2,672.86829565
R032_SM46,R133_S4,655.15829422
R032_SM46,R134_S1,639.18919003
R032_SM46,R134_S2,631.16741217
R032_SM46,R154_S2,1044.22080536
R032_SM46,R154_S1,1016.27072801
R032_SM46,R085_S2,1191.87988955
R032_SM46,R116_S2,1089.01896707
R032_SM46,R085_S1,1211.04047193
R032_SM46,R032_SM46,0.0
R032_SM46,R069_S1,1352.61085268
R032_SM46,R069_S4,1363.82567011
R032_SM46,R069_SM67,1360.49957372
R032_SM46,R069_S3,1415.00799557
R032_SM46,R071_S1,1232.94361822
R032_SM46,R074_S3,633.76420272
R032_SM46,R071_S2,1228.09121913
R032_SM46,R074_S2,582.27694485
R032_SM46,R074_S1,626.22350088
R032_SM46,R077_S2,1125.65098465
R032_SM46,R126_S1,1698.37379625
R032_SM46,R131_S1,634.65760235
R032_SM46,R131_SM82,602.11902475
R032_SM46,R126_S2,1705.17119901
R032_SM46,R131_S2,608.31197492
R032_SM46,R141_S1,1053.25417075
R032_SM46,R141_S2,1064.65805312
R032_SM46,R142_S2,1254.55566638
R032_SM46,R142_S1,1256.21758566
R032_SM46,R135_S2,810.50846091
R032_SM46,R116_S1,1081.98684358
R032_SM46,R135_S1,807.73644265
R069_S1,R092_S1,916.78778378
R069_S1,R131_SM83,1748.77901752
R069_S1,R133_S2,872.90691459
R069_S1,R133_S4,853.79430049
R069_S1,R134_S1,992.66401753
R069_S1,R134_S2,943.86697507
R069_S1,R154_S2,462.19575455
R069_S1,R154_S1,455.92003475
R069_S1,R085_S2,1713.08453964
R069_S1,R116_S2,1194.52542579
R069_S1,R085_S1,1756.14407737
R069_S1,R069_S1,0.0
R069_S1,R069_S4,28.25689045
R069_S1,R069_SM67,27.51408285
R069_S1,R069_S3,73.43552951
R069_S1,R071_S1,1251.82918675
R069_S1,R074_S3,720.85546647
R069_S1,R071_S2,1286.54022436
R069_S1,R074_S2,771.9204063
R069_S1,R074_S1,727.3433932999999
R069_S1,R077_S2,420.39965198
R069_S1,R126_S1,357.18687400000005
R069_S1,R131_S1,1768.38139756
R069_S1,R131_SM82,1743.6825517999998
R069_S1,R126_S2,359.57816009
R069_S1,R131_S2,1744.01328265
R069_S1,R141_S1,553.53105403
R069_S1,R141_S2,543.4800482
R069_S1,R142_S2,1024.16340378
R069_S1,R142_S1,1053.48379426
R069_S1,R135_S2,1129.70265741
R069_S1,R116_S1,1231.7019453
R069_S1,R135_S1,1168.02018305
R069_S4,R092_S1,900.17037576
R069_S4,R131_SM83,1766.93513793
R069_S4,R133_S2,894.07850124
R069_S4,R133_S4,874.21738423
R069_S4,R134_S1,1014.21770354
R069_S4,R134_S2,964.86001997
R069_S4,R154_S2,487.5824774
R069_S4,R154_S1,480.18960803
R069_S4,R085_S2,1739.06461705
R069_S4,R116_S2,1221.57407194
R069_S4,R085_S1,1782.05791604
R069_S4,R069_S4,0.0
R069_S4,R069_SM67,3.35726355
R069_S4,R071_S1,1279.59526625
R069_S4,R074_S3,730.96099608
R069_S4,R071_S2,1314.21574303
R069_S4,R074_S2,782.23071304
R069_S4,R074_S1,737.86758087
R069_S4,R077_S2,408.51827513
R069_S4,R126_S1,340.05125309
R069_S4,R131_S1,1786.92555111
R069_S4,R131_SM82,1761.97132714
R069_S4,R126_S2,343.9039265
R069_S4,R131_S2,1762.41177021
R069_S4,R141_S1,542.70608341
R069_S4,R141_S2,532.26351901
R069_S4,R142_S2,1052.30473338
R069_S4,R142_S1,1081.60473317
R069_S4,R135_S2,1154.15850515
R069_S4,R116_S1,1258.61570811
R069_S4,R135_S1,1192.40245294
R069_SM67,R092_S1,898.08074374
R069_SM67,R131_SM83,1763.87362053
R069_SM67,R133_S2,891.26483336
R069_SM67,R133_S4,871.33535145
R069_SM67,R134_S1,1011.43951728
R069_SM67,R134_S2,962.02772187
R069_SM67,R154_S2,485.36725272
R069_SM67,R154_S1,477.77786524
R069_SM67,R085_S2,1736.94921545
R069_SM67,R116_S2,1219.76120023
R069_SM67,R085_S1,1779.92697332
R069_SM67,R069_SM67,0.0
R069_SM67,R071_S1,1278.0901669000002
R069_SM67,R074_S3,727.62139653
R069_SM67,R071_S2,1312.66143611
R069_SM67,R074_S2,778.89343035
R069_SM67,R074_S1,734.53378007
R069_SM67,R077_S2,405.922334
R069_SM67,R126_S1,343.22095744
R069_SM67,R131_S1,1783.8891976
R069_SM67,R131_SM82,1758.91831953
R069_SM67,R126_S2,347.13826535
R069_SM67,R131_S2,1759.36589747
R069_SM67,R141_S1,540.03859659
R069_SM67,R141_S2,529.62652548
R069_SM67,R142_S2,1051.09315539
R069_SM67,R142_S1,1080.36926605
R069_SM67,R135_S2,1151.75259389
R069_SM67,R116_S1,1256.75773039
R069_SM67,R135_S1,1189.98402916
R069_S3,R092_S1,916.90028357
R069_S3,R131_SM83,1819.53596854
R069_S3,R133_S2,945.75445391
R069_S3,R133_S4,926.23511848
R069_S3,R134_S1,1065.68864263
R069_S3,R134_S2,1016.6296035
R069_S3,R154_S2,535.05601834
R069_S3,R154_S1,529.2786573
R069_S3,R085_S2,1785.18134587
R069_S3,R116_S2,1264.74746025
R069_S3,R085_S1,1828.31888346
R069_S3,R069_S4,52.6524616
R069_S3,R069_SM67,55.78700351
R069_S3,R069_S3,0.0
R069_S3,R071_S1,1319.39318353
R069_S3,R074_S3,781.76365281
R069_S3,R071_S2,1354.55453061
R069_S3,R074_S2,833.11202522
R069_S3,R074_S1,788.87252978
R069_S3,R077_S2,436.60282039
R069_S3,R126_S1,287.4488361
R069_S3,R131_S1,1839.47705528
R069_S3,R131_SM82,1814.55712632
R069_S3,R126_S2,291.59239559
R069_S3,R131_S2,1814.98366141
R069_S3,R141_S1,571.67412973
R069_S3,R141_S2,560.6312204
R069_S3,R142_S2,1088.81135958
R069_S3,R142_S1,1118.37596511
R069_S3,R135_S2,1202.96068276
R069_S3,R116_S1,1302.24748294
R069_S3,R135_S1,1241.30188248
R071_S1,R092_S1,1846.90699177
R071_S1,R131_SM83,1117.90577177
R071_S1,R133_S2,679.02743887
R071_S1,R133_S4,717.3820469
R071_S1,R134_S1,632.57815516
R071_S1,R134_S2,670.08803519
R071_S1,R154_S2,817.50179459
R071_S1,R154_S1,841.73284795
R071_S1,R085_S2,561.15501363
R071_S1,R116_S2,144.07444517
R071_S1,R085_S1,603.92573546
R071_S1,R071_S1,0.0
R071_S1,R074_S3,1079.19202704
R071_S1,R071_S2,40.64812309
R071_S1,R074_S2,1077.31583053
R071_S1,R074_S1,1067.95528148
R071_S1,R077_S2,1424.98621804
R071_S1,R126_S1,1542.53309861
R071_S1,R131_S1,1109.05909987
R071_S1,R131_SM82,1106.66078465
R071_S1,R126_S2,1532.41700828
R071_S1,R131_S2,1100.49469102
R071_S1,R141_S1,1478.79987334
R071_S1,R141_S2,1480.00974246
R071_S1,R142_S2,252.77024266
R071_S1,R142_S1,223.27182647
R071_S1,R135_S2,422.9493228999999
R071_S1,R116_S1,155.5530686
R071_S1,R135_S1,426.05474648
R074_S3,R092_S1,795.90634379
R074_S3,R131_SM83,1097.47836865
R074_S3,R133_S2,412.89932172
R074_S3,R133_S4,373.69271679
R074_S3,R134_S1,506.62154444
R074_S3,R134_S2,451.11456941
R074_S3,R154_S2,498.16882095
R074_S3,R154_S1,460.72023504
R074_S3,R085_S2,1327.38862272
R074_S3,R116_S2,954.99637675
R074_S3,R085_S1,1363.07920101
R074_S3,R074_S3,0.0
R074_S3,R077_S2,528.60478269
R074_S3,R126_S1,1064.61014126
R074_S3,R131_S1,1123.77509739
R074_S3,R131_SM82,1094.91690106
R074_S3,R126_S2,1071.47413976
R074_S3,R131_S2,1097.2731974
R074_S3,R141_S1,499.97036572
R074_S3,R141_S2,507.72928794
R074_S3,R142_S2,969.89491298
R074_S3,R142_S1,986.42333257
R074_S3,R135_S2,736.35107637
R074_S3,R116_S1,973.2612149
R074_S3,R135_S1,763.11760198
R071_S2,R092_S1,1868.55460995
R071_S2,R131_SM83,1094.04859919
R071_S2,R133_S2,691.53967372
R071_S2,R133_S4,730.32000056
R071_S2,R134_S1,638.44042152
R071_S2,R134_S2,678.52385024
R071_S2,R154_S2,848.68812628
R071_S2,R154_S1,871.91366106
R071_S2,R085_S2,521.12460255
R071_S2,R116_S2,146.0131239
R071_S2,R085_S1,563.75798626
R071_S2,R074_S3,1095.78942926
R071_S2,R071_S2,0.0
R071_S2,R074_S2,1092.13794705
R071_S2,R074_S1,1084.30859828
R071_S2,R077_S2,1452.32883902
R071_S2,R126_S1,1579.95551439
R071_S2,R131_S1,1084.12808831
R071_S2,R131_SM82,1082.69252346
R071_S2,R126_S2,1570.04131803
R071_S2,R131_S2,1076.33426095
R071_S2,R141_S1,1503.48915594
R071_S2,R141_S2,1504.98030508
R071_S2,R142_S2,293.01274603
R071_S2,R142_S1,263.66688922
R071_S2,R135_S2,420.99907128
R071_S2,R116_S1,146.10478544
R071_S2,R135_S1,420.39559314
R074_S2,R092_S1,817.87711548
R074_S2,R131_SM83,1050.92242254
R074_S2,R133_S2,402.91451708
R074_S2,R133_S4,363.59544847
R074_S2,R134_S1,487.59737409
R074_S2,R134_S2,433.82874858
R074_S2,R154_S2,534.45536772
R074_S2,R154_S1,498.06630396
R074_S2,R085_S2,1304.22045872
R074_S2,R116_S2,949.57836932
R074_S2,R085_S1,1338.99204282
R074_S2,R074_S3,51.5070031
R074_S2,R074_S2,0.0
R074_S2,R077_S2,574.79194457
R074_S2,R126_S1,1116.10193798
R074_S2,R131_S1,1077.77106039
R074_S2,R131_SM82,1048.60288399
R074_S2,R126_S2,1122.93160133
R074_S2,R131_S2,1051.14168701
R074_S2,R141_S1,539.21695446
R074_S2,R141_S2,547.62581028
R074_S2,R142_S2,979.57001343
R074_S2,R142_S1,994.76005179
R074_S2,R135_S2,720.85920684
R074_S2,R116_S1,965.8054437999999
R074_S2,R135_S1,745.72388865
R074_S1,R092_S1,808.98425699
R074_S1,R131_SM83,1085.77641702
R074_S1,R133_S2,400.46765271
R074_S1,R133_S4,361.22041212
R074_S1,R134_S1,493.51563275
R074_S1,R134_S2,438.09898659
R074_S1,R154_S2,495.78486985
R074_S1,R154_S1,458.71776678
R074_S1,R085_S2,1314.13907837
R074_S1,R116_S2,943.26400366
R074_S1,R085_S1,1349.79306289
R074_S1,R074_S3,13.39965025
R074_S1,R074_S2,44.899119899999995
R074_S1,R074_S1,0.0
R074_S1,R077_S2,540.65498092
R074_S1,R126_S1,1072.3223017999999
R074_S1,R131_S1,1111.91766704
R074_S1,R131_SM82,1083.14609483
R074_S1,R126_S2,1078.96577309
R074_S1,R131_S2,1085.45197035
R074_S1,R141_S1,513.10828875
R074_S1,R141_S2,520.80972161
R074_S1,R142_S2,960.56828711
R074_S1,R142_S1,976.84697237
R074_S1,R135_S2,723.536708
R074_S1,R116_S1,961.28200571
R074_S1,R135_S1,750.16437667
R077_S2,R092_S1,508.31059739
R077_S2,R131_SM83,1625.67708523
R077_S2,R133_S2,862.00789567
R077_S2,R133_S4,828.80890556
R077_S2,R134_S1,978.52561843
R077_S2,R134_S2,921.60176864
R077_S2,R154_S2,623.79811273
R077_S2,R154_S1,592.15742712
R077_S2,R085_S2,1787.13287739
R077_S2,R116_S2,1330.92610823
R077_S2,R085_S1,1826.64275176
R077_S2,R077_S2,0.0
R077_S2,R126_S1,653.85109376
R077_S2,R131_S1,1652.28010964
R077_S2,R131_SM82,1623.27617111
R077_S2,R126_S2,668.57526296
R077_S2,R131_S2,1625.72558143
R077_S2,R141_S1,135.11727377
R077_S2,R141_S2,124.05738899999999
R077_S2,R142_S2,1240.73727673
R077_S2,R142_S1,1266.07383076
R077_S2,R135_S2,1179.02621917
R077_S2,R116_S1,1360.24798394
R077_S2,R135_S1,1212.88501531
R126_S1,R131_SM83,2105.95583835
R126_S1,R133_S2,1227.13384162
R126_S1,R133_S4,1209.37319613
R126_S1,R134_S1,1345.83102817
R126_S1,R134_S2,1298.36600748
R126_S1,R154_S2,801.71991068
R126_S1,R154_S1,801.96044811
R126_S1,R126_S1,0.0
R126_S1,R131_S1,2125.46429105
R126_S1,R131_SM82,2100.83873176
R126_S1,R126_S2,22.46065281
R126_S1,R131_S2,2101.14366108
R126_S1,R141_S1,783.11000437
R126_S1,R141_S2,770.48730206
R126_S1,R142_S2,1299.41739756
R126_S1,R142_S1,1329.73721891
R126_S1,R135_S2,1469.72862133
R126_S1,R135_S1,1508.39346353
R131_S1,R131_SM83,37.56290088
R131_S1,R133_S2,909.12866073
R131_S1,R133_S4,920.7489720000001
R131_S1,R134_S1,800.26447958
R131_S1,R134_S2,838.38658349
R131_S1,R154_S2,1353.06643353
R131_S1,R154_S1,1340.98122418
R131_S1,R131_S1,0.0
R131_S1,R131_SM82,32.53975919
R131_S1,R131_S2,27.23968802
R131_S1,R141_S1,1610.1041322
R131_S1,R141_S2,1619.69298334
R131_S1,R142_S2,1254.48192865
R131_S1,R142_S1,1241.04156589
R131_S1,R135_S2,789.64291387
R131_S1,R135_S1,759.40386734
R131_SM82,R131_SM83,11.89777705
R131_SM82,R133_S2,887.35387864
R131_SM82,R133_S4,897.98333092
R131_SM82,R134_S1,780.13220142
R131_SM82,R134_S2,816.91432897
R131_SM82,R154_S2,1331.42467089
R131_SM82,R154_S1,1318.6617221
R131_SM82,R131_SM82,0.0
R131_SM82,R141_S1,1580.02234354
R131_SM82,R141_S2,1589.68067674
R131_SM82,R142_S2,1246.38946118
R131_SM82,R142_S1,1233.64621194
R131_SM82,R135_S2,777.984016
R131_SM82,R135_S1,748.7320231000001
R126_S2,R131_SM83,2107.61490053
R126_S2,R133_S2,1226.59623272
R126_S2,R133_S4,1209.48612993
R126_S2,R134_S1,1344.82026698
R126_S2,R134_S2,1297.90625584
R126_S2,R154_S2,798.41408308
R126_S2,R154_S1,799.76087389
R126_S2,R131_S1,2126.78235475
R126_S2,R131_SM82,2102.38372422
R126_S2,R126_S2,0.0
R126_S2,R131_S2,2102.59319094
R126_S2,R141_S1,798.70197105
R126_S2,R141_S2,786.15458083
R126_S2,R142_S2,1288.35367165
R126_S2,R142_S1,1318.70310993
R126_S2,R135_S2,1465.51748282
R126_S2,R135_S1,1504.21615526
R131_S2,R131_SM83,20.28314508
R131_S2,R133_S2,886.48797985
R131_S2,R133_S4,897.49615539
R131_S2,R134_S1,778.66160765
R131_S2,R134_S2,815.92958222
R131_S2,R154_S2,1330.53461361
R131_S2,R154_S1,1318.02543889
R131_S2,R131_SM82,8.95645399
R131_S2,R131_S2,0.0
R131_S2,R141_S1,1583.15198553
R131_S2,R141_S2,1592.76325591
R131_S2,R142_S2,1241.48342533
R131_S2,R142_S1,1228.57451189
R131_S2,R135_S2,773.93352522
R131_S2,R135_S1,744.41867148
R141_S1,R154_S2,702.79483811
R141_S1,R154_S1,667.50591546
R141_S1,R141_S1,0.0
R141_S1,R141_S2,13.10792258
R141_S1,R142_S2,1310.52705346
R141_S1,R142_S1,1334.24585906
R141_S2,R154_S2,700.76250005
R141_S2,R154_S1,665.82629104
R141_S2,R141_S2,0.0
R141_S2,R142_S2,1309.96912853
R141_S2,R142_S1,1333.87517782
R142_S2,R154_S2,618.06232974
R142_S2,R154_S1,648.58426868
R142_S2,R142_S2,0.0
R142_S1,R154_S2,644.18273342
R142_S1,R154_S1,674.06231411
R142_S1,R142_S2,30.40018508
R142_S1,R142_S1,0.0
R001_SM2,R029_S1,1104.80798813
R001_SM2,R029_S2,1093.73073515
R001_SM2,R030_S1,1140.8938372999999
R001_SM2,R030_S2,1108.91240743
R001_SM2,R031_S1,1204.73242924
R001_SM2,R031_S2,1255.52065044
R001_SM2,R032_S1,851.80593598
R001_SM2,R092_S1,1352.11748269
R001_SM2,R131_SM83,964.75604032
R001_SM2,R133_S2,187.26834998
R001_SM2,R133_S4,222.05247344
R001_SM2,R134_S1,204.71988902
R001_SM2,R134_S2,208.48050915
R001_SM2,R154_S2,430.74538513
R001_SM2,R154_S1,436.00459877
R001_SM2,R085_S2,833.87981812
R001_SM2,R116_S2,382.08206587
R001_SM2,R085_S1,875.44661708
R001_SM2,R028_S1,907.91162038
R001_SM2,R028_S2,933.04454516
R001_SM2,R028_S3,939.12091649
R001_SM2,R032_S2,877.58748678
R001_SM2,R032_SM46,838.73319671
R001_SM2,R069_S1,891.49144474
R001_SM2,R069_S4,916.08141087
R001_SM2,R069_SM67,913.70215323
R001_SM2,R069_S3,964.71105581
R001_SM2,R071_S1,503.28185349
R001_SM2,R074_S3,575.9422427999999
R001_SM2,R071_S2,520.28674757
R001_SM2,R074_S2,574.77007148
R001_SM2,R074_S1,564.67442488
R001_SM2,R077_S2,963.2729497000001
R001_SM2,R126_S1,1231.80921389
R001_SM2,R131_S1,973.34282112
R001_SM2,R131_SM82,956.47809958
R001_SM2,R126_S2,1227.86497537
R001_SM2,R131_S2,953.94651943
R001_SM2,R141_S1,998.34238868
R001_SM2,R141_S2,1001.17511902
R001_SM2,R142_S2,429.80507169
R001_SM2,R142_S1,438.33635758
R001_SM2,R001_SM2,0.0
R001_SM2,R001_SM3,47.15188679
R001_SM2,R002_S1,460.64859801
R001_SM2,R135_S2,238.34751153
R001_SM2,R003_SM7,878.83270856
R001_SM2,R002_S2,458.09708088
R001_SM2,R002_S4,455.73292831
R001_SM2,R002_S5,440.71133009
R001_SM2,R003_SM6,819.90668602
R001_SM2,R003_SM9,818.14137879
R001_SM2,R003_SM8,816.0213196000001
R001_SM2,R116_S1,404.86966552
R001_SM2,R135_S1,276.84950053
R001_SM3,R029_S1,1086.47837975
R001_SM3,R029_S2,1077.45676868
R001_SM3,R030_S1,1109.68896362
R001_SM3,R030_S2,1078.5240177
R001_SM3,R031_S1,1178.96868499
R001_SM3,R031_S2,1228.21637873
R001_SM3,R032_S1,863.63372239
R001_SM3,R092_S1,1318.65592934
R001_SM3,R131_SM83,1002.59781196
R001_SM3,R133_S2,185.03289571
R001_SM3,R133_S4,214.62080916
R001_SM3,R134_S1,229.21133604
R001_SM3,R134_S2,221.51802881
R001_SM3,R154_S2,383.61465359
R001_SM3,R154_S1,388.95638377
R001_SM3,R085_S2,879.41664331
R001_SM3,R116_S2,416.0939561
R001_SM3,R085_S1,921.18476106
R001_SM3,R028_S1,887.16196271
R001_SM3,R028_S2,909.77589142
R001_SM3,R028_S3,915.4370139
R001_SM3,R032_S2,889.63624505
R001_SM3,R032_SM46,851.81289023
R001_SM3,R069_S1,844.36311882
R001_SM3,R069_S4,868.9824983999999
R001_SM3,R069_SM67,866.60935515
R001_SM3,R069_S3,917.5742892999999
R001_SM3,R071_S1,530.81426564
R001_SM3,R074_S3,550.63576629
R001_SM3,R071_S2,550.39367156
R001_SM3,R074_S2,553.20166701
R001_SM3,R074_S1,539.91618328
R001_SM3,R077_S2,921.74248568
R001_SM3,R126_S1,1184.78715318
R001_SM3,R131_S1,1012.19631156
R001_SM3,R131_SM82,994.5672093000001
R001_SM3,R126_S2,1180.91494012
R001_SM3,R131_S2,992.28026103
R001_SM3,R141_S1,960.20782094
R001_SM3,R141_S2,962.68073284
R001_SM3,R142_S2,435.18272424
R001_SM3,R142_S1,446.77201656
R001_SM3,R001_SM3,0.0
R001_SM3,R002_S1,454.724405
R001_SM3,R135_S2,285.49834761
R001_SM3,R003_SM7,875.13859356
R001_SM3,R002_S2,452.10797927
R001_SM3,R002_S4,449.75683236
R001_SM3,R002_S5,435.32282067
R001_SM3,R003_SM6,815.91471095
R001_SM3,R003_SM9,812.29571801
R001_SM3,R003_SM8,813.21513102
R001_SM3,R116_S1,441.49687996
R001_SM3,R135_S1,323.9894492
R002_S1,R029_S1,666.79668804
R002_S1,R029_S2,648.1043093999999
R002_S1,R030_S1,790.14744916
R002_S1,R030_S2,751.99667706
R002_S1,R031_S1,805.6320962
R002_S1,R031_S2,866.04678029
R002_S1,R032_S1,464.88074611
R002_S1,R092_S1,1014.78526603
R002_S1,R131_SM83,857.36781943
R002_S1,R133_S2,273.38170484
R002_S1,R133_S4,240.22228291
R002_S1,R134_S1,318.45118862
R002_S1,R134_S2,274.27015501
R002_S1,R154_S2,582.20187202
R002_S1,R154_S1,554.05866993
R002_S1,R085_S2,1113.28480775
R002_S1,R116_S2,807.02002152
R002_S1,R085_S1,1146.30539667
R002_S1,R028_S1,487.79658065
R002_S1,R028_S2,527.87102282
R002_S1,R028_S3,536.51627572
R002_S1,R032_S2,490.57962013
R002_S1,R032_SM46,462.22351855
R002_S1,R069_S1,915.19789941
R002_S1,R069_S4,929.87278364
R002_S1,R069_SM67,926.64456161
R002_S1,R069_S3,982.27680444
R002_S1,R071_S1,943.87758984
R002_S1,R074_S3,245.74867706
R002_S1,R071_S2,952.78152419
R002_S1,R074_S2,206.0566727
R002_S1,R074_S1,233.05221085
R002_S1,R077_S2,772.67287309
R002_S1,R126_S1,1269.47880925
R002_S1,R131_S1,882.29559436
R002_S1,R131_SM82,854.19943007
R002_S1,R126_S2,1273.77368071
R002_S1,R131_S2,856.12102618
R002_S1,R141_S1,744.61129633
R002_S1,R141_S2,752.7307143999999
R002_S1,R142_S2,888.93256675
R002_S1,R142_S1,898.70699543
R002_S1,R002_S1,0.0
R002_S1,R135_S2,553.2419974
R002_S1,R003_SM7,420.66639092
R002_S1,R002_S2,2.66375439
R002_S1,R002_S4,4.97386987
R002_S1,R002_S5,20.35185608
R002_S1,R003_SM6,361.36944489
R002_S1,R003_SM9,357.79600205
R002_S1,R003_SM8,359.49001934
R002_S1,R116_S1,816.6511996
R002_S1,R135_S1,572.37375632
R135_S2,R154_S2,669.0591813999999
R135_S2,R154_S1,673.97519478
R135_S2,R141_S1,1200.10902147
R135_S2,R141_S2,1204.38833656
R135_S2,R142_S2,480.37666431
R135_S2,R142_S1,473.24381472
R135_S2,R135_S2,0.0
R003_SM7,R029_S1,381.95991219
R003_SM7,R029_S2,338.45175016
R003_SM7,R030_S1,676.69428755
R003_SM7,R030_S2,637.29789837
R003_SM7,R031_S1,595.57750027
R003_SM7,R031_S2,664.96525047
R003_SM7,R032_S1,287.25022438
R003_SM7,R092_S1,881.48495609
R003_SM7,R131_SM83,904.97198084
R003_SM7,R133_S2,692.1254206
R003_SM7,R133_S4,660.51795067
R003_SM7,R134_S1,713.12823499
R003_SM7,R134_S2,680.77410697
R003_SM7,R154_S2,948.52567349
R003_SM7,R154_S1,913.46932362
R003_SM7,R085_S2,1415.78281214
R003_SM7,R116_S2,1203.91635955
R003_SM7,R085_S1,1441.08170735
R003_SM7,R028_S1,333.3333547
R003_SM7,R028_S2,392.80449911
R003_SM7,R028_S3,403.60476867
R003_SM7,R032_S2,295.17591464
R003_SM7,R032_SM46,309.49429234
R003_SM7,R069_S1,1163.91857434
R003_SM7,R069_S4,1169.93526987
R003_SM7,R069_SM67,1166.58310993
R003_SM7,R069_S3,1217.93697424
R003_SM7,R071_S1,1345.34301765
R003_SM7,R074_S3,462.44670838
R003_SM7,R071_S2,1349.53611317
R003_SM7,R074_S2,418.17505517
R003_SM7,R074_S1,460.95788715
R003_SM7,R077_S2,873.38837638
R003_SM7,R126_S1,1489.81308289
R003_SM7,R131_S1,939.9271174
R003_SM7,R131_SM82,907.44344163
R003_SM7,R126_S2,1499.6193012
R003_SM7,R131_S2,913.16810397
R003_SM7,R141_S1,782.34801863
R003_SM7,R141_S2,794.65792475
R003_SM7,R142_S2,1308.34223436
R003_SM7,R142_S1,1317.09840493
R003_SM7,R135_S2,932.79277589
R003_SM7,R003_SM7,0.0
R003_SM7,R003_SM9,72.95251387
R003_SM7,R003_SM8,64.39920466
R003_SM7,R116_S1,1207.3509087999998
R003_SM7,R135_S1,942.49419524
R002_S2,R029_S1,668.83807456
R002_S2,R029_S2,650.2664639999999
R002_S2,R030_S1,791.19494295
R002_S2,R030_S2,753.08740027
R002_S2,R031_S1,807.20144944
R002_S2,R031_S2,867.52677364
R002_S2,R032_S1,467.20319373
R002_S2,R092_S1,1015.79424096
R002_S2,R131_SM83,858.08106752
R002_S2,R133_S2,270.83223567
R002_S2,R133_S4,237.61760288
R002_S2,R134_S1,316.380025
R002_S2,R134_S2,272.00854347
R002_S2,R154_S2,579.90555511
R002_S2,R154_S1,551.83203398
R002_S2,R085_S2,1111.92081592
R002_S2,R116_S2,804.75844142
R002_S2,R085_S1,1145.00149972
R002_S2,R028_S1,489.50309034
R002_S2,R028_S2,529.39161959
R002_S2,R028_S3,538.00829488
R002_S2,R032_S2,492.91630558
R002_S2,R032_SM46,464.46812360000007
R002_S2,R069_S1,913.70139912
R002_S2,R069_S4,928.43447735
R002_S2,R069_SM67,925.20849378
R002_S2,R069_S3,980.85036765
R002_S2,R071_S1,941.54618864
R002_S2,R074_S3,245.69304174
R002_S2,R071_S2,950.50609829
R002_S2,R074_S2,206.39169677
R002_S2,R074_S1,232.94969451
R002_S2,R077_S2,772.35058498
R002_S2,R126_S1,1268.07587235
R002_S2,R131_S1,882.92548608
R002_S2,R131_SM82,854.87825032
R002_S2,R126_S2,1272.33167029
R002_S2,R131_S2,856.77346349
R002_S2,R141_S1,744.75309889
R002_S2,R141_S2,752.83589451
R002_S2,R142_S2,886.34163904
R002_S2,R142_S1,896.13736173
R002_S2,R135_S2,551.25820625
R002_S2,R003_SM7,423.30417544
R002_S2,R002_S2,0.0
R002_S2,R002_S4,2.36415672
R002_S2,R002_S5,18.04259043
R002_S2,R003_SM6,364.0050446
R002_S2,R003_SM9,360.38669775
R002_S2,R003_SM8,362.14343621
R002_S2,R116_S1,814.46346533
R002_S2,R135_S1,570.50001654
R002_S4,R029_S1,671.01408351
R002_S4,R029_S2,652.50462711
R002_S4,R030_S1,792.71953848
R002_S4,R030_S2,754.64395815
R002_S4,R031_S1,809.09128266
R002_S4,R031_S2,869.35680718
R002_S4,R032_S1,468.84590965
R002_S4,R092_S1,1017.28927418
R002_S4,R131_SM83,858.03359318
R002_S4,R133_S2,268.46808124
R002_S4,R133_S4,235.26144174
R002_S4,R134_S1,314.19348691
R002_S4,R134_S2,269.72775244
R002_S4,R154_S2,578.30684282
R002_S4,R154_S1,550.32210289
R002_S4,R085_S2,1110.17646399
R002_S4,R116_S2,802.47613369
R002_S4,R085_S1,1143.29930403
R002_S4,R028_S1,491.4831657
R002_S4,R028_S2,531.25086024
R002_S4,R028_S3,539.84836152
R002_S4,R032_S2,494.57730529
R002_S4,R032_SM46,466.01207943
R002_S4,R069_S1,913.00252472
R002_S4,R069_S4,927.79493966
R002_S4,R069_SM67,924.57124989
R002_S4,R069_S3,980.22258398
R002_S4,R071_S1,939.23486473
R002_S4,R074_S3,246.35359259
R002_S4,R071_S2,948.21765853
R002_S4,R074_S2,207.38095816
R002_S4,R074_S1,233.57147411
R002_S4,R077_S2,772.764425
R002_S4,R126_S1,1267.47067775
R002_S4,R131_S1,882.80144506
R002_S4,R131_SM82,854.79916898
R002_S4,R126_S2,1271.68687208
R002_S4,R131_S2,856.67021034
R002_S4,R141_S1,745.56500355
R002_S4,R141_S2,753.61710383
R002_S4,R142_S2,883.98164918
R002_S4,R142_S1,893.77406955
R002_S4,R135_S2,549.11838541
R002_S4,R003_SM7,425.64025092
R002_S4,R002_S4,0.0
R002_S4,R002_S5,15.77204171
R002_S4,R003_SM6,366.34316295
R002_S4,R003_SM9,362.74660871
R002_S4,R003_SM8,364.45782294
R002_S4,R116_S1,812.21524829
R002_S4,R135_S1,568.42439642
R002_S5,R029_S1,686.71151872
R002_S5,R029_S2,668.27191946
R002_S5,R030_S1,806.07412202
R002_S5,R030_S2,768.14715792
R002_S5,R031_S1,823.9712836
R002_S5,R031_S2,884.01064288
R002_S5,R032_S1,476.16177013
R002_S5,R092_S1,1030.49466857
R002_S5,R131_SM83,853.18511234
R002_S5,R133_S2,253.44890434
R002_S5,R133_S4,220.72470669
R002_S5,R134_S1,298.48717172
R002_S5,R134_S2,253.96598197
R002_S5,R154_S2,571.78715535
R002_S5,R154_S1,544.54180965
R002_S5,R085_S2,1095.92141123
R002_S5,R116_S2,786.71585101
R002_S5,R085_S1,1129.22539543
R002_S5,R028_S1,506.68402589
R002_S5,R028_S2,546.0298801
R002_S5,R028_S3,554.55494012
R002_S5,R032_S2,502.03049728
R002_S5,R032_SM46,472.53508078
R002_S5,R069_S1,913.19651073
R002_S5,R069_S4,928.39909552
R002_S5,R069_SM67,925.1918203
R002_S5,R069_S3,980.89987521
R002_S5,R071_S1,923.52839733
R002_S5,R074_S3,255.46878608
R002_S5,R071_S2,932.46443074
R002_S5,R074_S2,218.32049943
R002_S5,R074_S1,242.49173026
R002_S5,R077_S2,780.17283799
R002_S5,R126_S1,1268.27105667
R002_S5,R131_S1,877.46354953
R002_S5,R131_SM82,849.75039897
R002_S5,R126_S2,1272.21317566
R002_S5,R131_S2,851.46802905
R002_S5,R141_S1,755.27097353
R002_S5,R141_S2,763.150608
R002_S5,R142_S2,869.24963797
R002_S5,R142_S1,878.86585157
R002_S5,R135_S2,533.49969561
R002_S5,R003_SM7,439.85301849
R002_S5,R002_S5,0.0
R002_S5,R003_SM6,380.60292969
R002_S5,R003_SM9,377.53635226
R002_S5,R003_SM8,378.32028581
R002_S5,R116_S1,796.44444313
R002_S5,R135_S1,552.9682467
R003_SM6,R029_S1,406.30350073
R003_SM6,R029_S2,367.30170851
R003_SM6,R030_S1,676.07942555
R003_SM6,R030_S2,635.99403845
R003_SM6,R031_S1,610.18573616
R003_SM6,R031_S2,679.27453945
R003_SM6,R032_S1,284.81398488
R003_SM6,R092_S1,887.41713859
R003_SM6,R131_SM83,888.43931846
R003_SM6,R133_S2,633.08137091
R003_SM6,R133_S4,601.2982923999999
R003_SM6,R134_S1,656.06445725
R003_SM6,R134_S2,622.70774204
R003_SM6,R154_S2,893.13621198
R003_SM6,R154_S1,858.54330097
R003_SM6,R085_S2,1370.70656173
R003_SM6,R116_S2,1147.54236287
R003_SM6,R085_S1,1397.00703822
R003_SM6,R028_S1,325.8470641
R003_SM6,R028_S2,385.69048026
R003_SM6,R028_S3,396.73217647
R003_SM6,R032_S2,297.64686832
R003_SM6,R032_SM46,303.73380668
R003_SM6,R069_S1,1121.11610891
R003_SM6,R069_S4,1128.13153371
R003_SM6,R069_SM67,1124.77484048
R003_SM6,R069_S3,1176.8853900000001
R003_SM6,R071_S1,1288.55920664
R003_SM6,R074_S3,412.02223553
R003_SM6,R071_S2,1293.30676316
R003_SM6,R074_S2,365.97064413
R003_SM6,R074_S1,409.60463028
R003_SM6,R077_S2,845.42112062
R003_SM6,R126_S1,1451.71899718
R003_SM6,R131_S1,922.4715432
R003_SM6,R131_SM82,890.16874749
R003_SM6,R126_S2,1460.90113056
R003_SM6,R131_S2,895.44905414
R003_SM6,R141_S1,761.19788744
R003_SM6,R141_S2,773.15611914
R003_SM6,R142_S2,1249.30812306
R003_SM6,R142_S1,1258.21612347
R003_SM6,R135_S2,877.76180739
R003_SM6,R003_SM7,59.34099147
R003_SM6,R003_SM6,0.0
R003_SM6,R003_SM9,32.38982429
R003_SM6,R003_SM8,20.84298489
R003_SM6,R116_S1,1151.67108605
R003_SM6,R135_S1,888.42175461
R003_SM9,R029_S1,381.81819627
R003_SM9,R029_S2,344.94568316
R003_SM9,R030_S1,644.58731019
R003_SM9,R030_S2,604.4370617999999
R003_SM9,R031_S1,581.85424806
R003_SM9,R031_S2,650.7631775
R003_SM9,R032_S1,316.94374139999996
R003_SM9,R092_S1,856.84207114
R003_SM9,R131_SM83,917.75084057
R003_SM9,R133_S2,630.92632713
R003_SM9,R133_S4,597.97052199
R003_SM9,R134_S1,659.87019093
R003_SM9,R134_S2,624.21063661
R003_SM9,R154_S2,875.92868011
R003_SM9,R154_S1,840.73851473
R003_SM9,R085_S2,1387.23081925
R003_SM9,R116_S2,1152.14862784
R003_SM9,R085_S1,1414.23278708
R003_SM9,R028_S1,293.91759269
R003_SM9,R028_S2,353.71195053
R003_SM9,R028_S3,364.76356846
R003_SM9,R032_S2,329.99224696
R003_SM9,R032_SM46,335.55646052
R003_SM9,R069_S1,1094.36377018
R003_SM9,R069_S4,1100.93661625
R003_SM9,R069_SM67,1097.58132101
R003_SM9,R069_S3,1149.38179097
R003_SM9,R071_S1,1292.33807083
R003_SM9,R074_S3,389.70622575
R003_SM9,R071_S2,1298.08643889
R003_SM9,R074_S2,345.22706892
R003_SM9,R074_S1,388.07873745
R003_SM9,R077_S2,814.19088033
R003_SM9,R126_S1,1423.1397029999998
R003_SM9,R131_S1,951.53644004
R003_SM9,R131_SM82,919.29808462
R003_SM9,R126_S2,1432.54084991
R003_SM9,R131_S2,924.4638739
R003_SM9,R141_S1,729.09989954
R003_SM9,R141_S2,741.08974803
R003_SM9,R142_S2,1246.72824745
R003_SM9,R142_S1,1256.38303018
R003_SM9,R135_S2,884.73928882
R003_SM9,R003_SM9,0.0
R003_SM9,R116_S1,1157.43600789
R003_SM9,R135_S1,896.71453759
R003_SM8,R029_S1,425.47702304
R003_SM8,R029_S2,385.70047762
R003_SM8,R030_S1,696.90288007
R003_SM8,R030_S2,656.80887421
R003_SM8,R031_S1,630.54854376
R003_SM8,R031_S2,699.67864648
R003_SM8,R032_S1,264.19240823
R003_SM8,R092_S1,908.22821975
R003_SM8,R131_SM83,867.91461037
R003_SM8,R133_S2,629.63969877
R003_SM8,R133_S4,598.6519448
R003_SM8,R134_S1,648.86628021
R003_SM8,R134_S2,616.97578211
R003_SM8,R154_S2,899.54094132
R003_SM8,R154_S1,865.39614955
R003_SM8,R085_S2,1355.83948483
R003_SM8,R116_S2,1139.52916762
R003_SM8,R085_S1,1381.76578463
R003_SM8,R028_S1,346.56277924
R003_SM8,R028_S2,406.38752407
R003_SM8,R028_S3,417.43385229
R003_SM8,R032_S2,277.33919633
R003_SM8,R032_SM46,282.95742074
R003_SM8,R069_S1,1134.746674
R003_SM8,R069_S4,1142.1388622000002
R003_SM8,R069_SM67,1138.78163757
R003_SM8,R069_S3,1191.1511412
R003_SM8,R071_S1,1280.99899026
R003_SM8,R074_S3,422.67220201
R003_SM8,R071_S2,1285.1405578
R003_SM8,R074_S2,375.60235236
R003_SM8,R074_S1,419.68407231
R003_SM8,R077_S2,863.39062991
R003_SM8,R126_S1,1466.91188512
R003_SM8,R131_S1,902.01420725
R003_SM8,R131_SM82,869.69445546
R003_SM8,R126_S2,1475.89228031
R003_SM8,R131_S2,875.00738931
R003_SM8,R141_S1,780.39204645
R003_SM8,R141_S2,792.29299213
R003_SM8,R142_S2,1245.71228707
R003_SM8,R142_S1,1254.14342761
R003_SM8,R135_S2,868.45702283
R003_SM8,R003_SM9,52.75664921
R003_SM8,R003_SM8,0.0
R003_SM8,R116_S1,1142.96035337
R003_SM8,R135_S1,878.33205121
R001_SM1,R029_S1,1084.51307774
R001_SM1,R029_S2,1073.65049927
R001_SM1,R030_S1,1120.3407923
R001_SM1,R030_S2,1088.30805451
R001_SM1,R031_S1,1184.02940883
R001_SM1,R031_S2,1234.81474273
R001_SM1,R032_S1,838.19115206
R001_SM1,R092_S1,1331.76413132
R001_SM1,R131_SM83,964.22545944
R001_SM1,R133_S2,168.79663304
R001_SM1,R133_S4,202.74819575
R001_SM1,R134_S1,195.57917899
R001_SM1,R134_S2,194.46597884
R001_SM1,R154_S2,419.59373106
R001_SM1,R154_S1,423.29027694
R001_SM1,R085_S2,850.03391872
R001_SM1,R116_S2,402.57991566
R001_SM1,R085_S1,891.36527629
R001_SM1,R028_S1,887.40516664
R001_SM1,R028_S2,912.40229932
R001_SM1,R028_S3,918.46314972
R001_SM1,R032_S2,864.05765467
R001_SM1,R032_SM46,825.55568941
R001_SM1,R069_S1,879.1455063999999
R001_SM1,R069_S4,903.47493863
R001_SM1,R069_SM67,901.05328228
R001_SM1,R069_S3,952.45490358
R001_SM1,R071_S1,523.98058917
R001_SM1,R074_S3,555.23645667
R001_SM1,R071_S2,540.97862405
R001_SM1,R074_S2,554.18077075
R001_SM1,R074_S1,543.97471494
R001_SM1,R077_S2,944.87469411
R001_SM1,R126_S1,1221.2103339999999
R001_SM1,R131_S1,973.59174219
R001_SM1,R131_SM82,956.13366266
R001_SM1,R126_S2,1217.58945339
R001_SM1,R131_S2,953.78893067
R001_SM1,R141_S1,978.83488978
R001_SM1,R141_S2,981.75901856
R001_SM1,R142_S2,447.51333158
R001_SM1,R142_S1,456.71083259
R001_SM1,R001_SM2,20.70848941
R001_SM1,R001_SM3,39.00903662
R001_SM1,R002_S1,442.00414622
R001_SM1,R135_S2,250.78605322
R001_SM1,R003_SM7,860.84079086
R001_SM1,R002_S2,439.43784133
R001_SM1,R002_S4,437.07425389
R001_SM1,R002_S5,422.15544924
R001_SM1,R003_SM6,801.83416197
R001_SM1,R003_SM9,799.67969793
R001_SM1,R003_SM8,798.21082687
R001_SM1,R001_SM1,0.0
R001_SM1,R116_S1,425.03010836
R001_SM1,R135_S1,288.93290193
R116_S1,R131_SM83,969.26664195
R116_S1,R133_S2,562.95675415
R116_S1,R133_S4,602.23550626
R116_S1,R134_S1,499.52235431
R116_S1,R134_S2,542.94128106
R116_S1,R154_S2,778.30584766
R116_S1,R154_S1,796.31365612
R116_S1,R116_S2,42.01999939
R116_S1,R126_S1,1543.81961936
R116_S1,R131_S1,962.13605487
R116_S1,R131_SM82,958.20606841
R116_S1,R126_S2,1535.77978176
R116_S1,R131_S2,952.3432726999999
R116_S1,R141_S1,1401.70249349
R116_S1,R141_S2,1404.13279073
R116_S1,R142_S2,323.44245363
R116_S1,R142_S1,301.22697972
R116_S1,R135_S2,276.03691985
R116_S1,R116_S1,0.0
R116_S1,R135_S1,274.30003401
R135_S1,R154_S2,707.59358707
R135_S1,R154_S1,712.21364046
R135_S1,R141_S1,1231.67442158
R135_S1,R141_S2,1236.18001393
R135_S1,R142_S2,502.89869949
R135_S1,R142_S1,493.83063959
R135_S1,R135_S2,38.74993141
R135_S1,R135_S1,0.0
